File_1,File_2,Label
submission1.py,submission2.py,1
submission1.py,submission3.py,0
submission1.py,submission4.py,1
submission1.py,submission5.py,0
submission2.py,submission3.py,0
submission2.py,submission4.py,1
submission2.py,submission5.py,0
submission3.py,submission4.py,0
submission3.py,submission5.py,0
submission4.py,submission5.py,0
submission6.py,submission7.py,1
submission8.py,submission9.py,1
submission10.py,submission11.py,0
submission12.py,submission13.py,0
submission14.py,submission15.py,1
submission16.py,submission17.py,0
submission18.py,submission19.py,1
submission20.py,submission21.py,1
submission22.py,submission23.py,0
submission24.py,submission25.py,1
submission26.py,submission27.py,1
submission28.py,submission29.py,1
submission30.py,submission31.py,0
submission31.py,submission32.py,1
submission33.py,submission34.py,1
submission35.py,submission36.py,0
submission35.py,submission37.py,1
submission36.py,submission37.py,0
submission35.py,submission38.py,0
submission36.py,submission38.py,0
submission37.py,submission38.py,0
submission35.py,submission39.py,1
submission36.py,submission39.py,0
submission37.py,submission39.py,0
submission38.py,submission39.py,0
submission40.py,submission41.py,0
submission40.py,submission42.py,1
submission41.py,submission42.py,0
submission40.py,submission43.py,0
submission41.py,submission43.py,0
submission42.py,submission43.py,0
submission40.py,submission44.py,1
submission41.py,submission44.py,0
submission42.py,submission44.py,0
submission43.py,submission44.py,0
submission45.py,submission46.py,0
submission45.py,submission47.py,1
submission46.py,submission47.py,0
submission45.py,submission48.py,0
submission46.py,submission48.py,0
submission47.py,submission48.py,0
submission45.py,submission49.py,0
submission46.py,submission49.py,0
submission47.py,submission49.py,1
submission48.py,submission49.py,0
submission50.py,submission51.py,0
submission50.py,submission52.py,1
submission51.py,submission52.py,0
submission50.py,submission53.py,0
submission51.py,submission53.py,0
submission52.py,submission53.py,0
submission50.py,submission54.py,0
submission51.py,submission54.py,0
submission52.py,submission54.py,1
submission53.py,submission54.py,0
submission55.py,submission56.py,0
submission55.py,submission57.py,0
submission56.py,submission57.py,0
submission55.py,submission58.py,1
submission56.py,submission58.py,0
submission57.py,submission58.py,0
submission55.py,submission59.py,0
submission56.py,submission59.py,0
submission57.py,submission59.py,0
submission58.py,submission59.py,0
submission55.py,submission60.py,0
submission56.py,submission60.py,1
submission57.py,submission60.py,0
submission58.py,submission60.py,0
submission59.py,submission60.py,0
submission61.py,submission62.py,1
submission61.py,submission63.py,0
submission62.py,submission63.py,0
submission61.py,submission64.py,0
submission62.py,submission64.py,0
submission63.py,submission64.py,0
submission61.py,submission65.py,0
submission62.py,submission65.py,0
submission63.py,submission65.py,0
submission64.py,submission65.py,0
submission61.py,submission66.py,0
submission62.py,submission66.py,0
submission63.py,submission66.py,0
submission64.py,submission66.py,0
submission65.py,submission66.py,1
submission67.py,submission68.py,1
submission67.py,submission69.py,0
submission68.py,submission69.py,0
submission67.py,submission70.py,0
submission68.py,submission70.py,0
submission69.py,submission70.py,0
submission67.py,submission71.py,0
submission68.py,submission71.py,0
submission69.py,submission71.py,0
submission70.py,submission71.py,0
submission67.py,submission72.py,0
submission68.py,submission72.py,0
submission69.py,submission72.py,0
submission70.py,submission72.py,0
submission71.py,submission72.py,0
submission73.py,submission74.py,1
submission73.py,submission75.py,0
submission74.py,submission75.py,0
submission73.py,submission76.py,0
submission74.py,submission76.py,0
submission75.py,submission76.py,0
submission77.py,submission78.py,1
submission77.py,submission79.py,0
submission78.py,submission79.py,0
submission77.py,submission80.py,0
submission78.py,submission80.py,0
submission79.py,submission80.py,0
submission77.py,submission81.py,0
submission78.py,submission81.py,1
submission79.py,submission81.py,0
submission80.py,submission81.py,0
submission82.py,submission83.py,1
submission82.py,submission84.py,0
submission83.py,submission84.py,0
submission82.py,submission85.py,1
submission83.py,submission85.py,0
submission84.py,submission85.py,0
submission82.py,submission86.py,0
submission83.py,submission86.py,0
submission84.py,submission86.py,0
submission85.py,submission86.py,0
submission97.py,submission88.py,0
submission87.py,submission89.py,0
submission88.py,submission89.py,0
submission87.py,submission90.py,0
submission88.py,submission90.py,0
submission89.py,submission90.py,1
submission87.py,submission91.py,0
submission88.py,submission91.py,0
submission89.py,submission91.py,0
submission90.py,submission91.py,0
submission92.py,submission93.py,1
submission92.py,submission94.py,0
submission93.py,submission94.py,0
submission92.py,submission95.py,0
submission93.py,submission95.py,0
submission94.py,submission95.py,1
submission92.py,submission96.py,0
submission93.py,submission96.py,0
submission94.py,submission96.py,0
submission95.py,submission96.py,0
submission97.py,submission98.py,1
submission97.py,submission99.py,0
submission98.py,submission99.py,0
submission97.py,submission100.py,1
submission98.py,submission100.py,0
submission99.py,submission100.py,0
submission97.py,submission101.py,0
submission98.py,submission101.py,0
submission99.py,submission101.py,0
submission100.py,submission101.py,0
submission102.py,submission103.py,1
submission102.py,submission104.py,0
submission103.py,submission104.py,1
submission102.py,submission105.py,1
submission103.py,submission105.py,0
submission104.py,submission105.py,0
submission102.py,submission106.py,0
submission103.py,submission106.py,0
submission104.py,submission106.py,0
submission105.py,submission106.py,0
submission107.py,submission108.py,1
submission107.py,submission109.py,1
submission108.py,submission109.py,0
submission107.py,submission110.py,0
submission108.py,submission110.py,1
submission109.py,submission110.py,0
submission107.py,submission111.py,0
submission108.py,submission111.py,0
submission109.py,submission111.py,0
submission110.py,submission111.py,0
submission112.py,submission113.py,1
submission112.py,submission114.py,1
submission113.py,submission114.py,0
submission112.py,submission115.py,0
submission113.py,submission115.py,1
submission114.py,submission115.py,0
submission112.py,submission116.py,0
submission113.py,submission116.py,0
submission114.py,submission116.py,0
submission115.py,submission116.py,0
submission117.py,submission118.py,1
submission117.py,submission119.py,1
submission118.py,submission119.py,0
submission117.py,submission120.py,0
submission118.py,submission120.py,1
submission119.py,submission120.py,0
submission117.py,submission121.py,0
submission118.py,submission121.py,0
submission119.py,submission121.py,0
submission120.py,submission121.py,0
submission122.py,submission123.py,1
submission122.py,submission124.py,1
submission123.py,submission124.py,0
submission122.py,submission125.py,0
submission123.py,submission125.py,1
submission124.py,submission125.py,0
submission122.py,submission126.py,0
submission123.py,submission126.py,0
submission124.py,submission126.py,0
submission125.py,submission126.py,0
submission127.py,submission128.py,1
submission127.py,submission129.py,0
submission128.py,submission129.py,1
submission127.py,submission130.py,0
submission128.py,submission130.py,0
submission129.py,submission130.py,1
submission127.py,submission131.py,0
submission128.py,submission131.py,0
submission129.py,submission131.py,0
submission130.py,submission131.py,0
submission132.py,submission133.py,1
submission132.py,submission134.py,0
submission133.py,submission134.py,1
submission132.py,submission135.py,1
submission133.py,submission135.py,0
submission134.py,submission135.py,0
submission132.py,submission136.py,0
submission133.py,submission136.py,0
submission134.py,submission136.py,0
submission135.py,submission136.py,0
submission137.py,submission138.py,1
submission137.py,submission139.py,0
submission138.py,submission139.py,1
submission137.py,submission140.py,1
submission138.py,submission140.py,0
submission139.py,submission140.py,0
submission137.py,submission141.py,0
submission138.py,submission141.py,0
submission139.py,submission141.py,0
submission139.py,submission150.py,1
submission140.py,submission141.py,0
submission142.py,submission143.py,1
submission142.py,submission144.py,0
submission143.py,submission144.py,1
submission142.py,submission145.py,0
submission143.py,submission145.py,1
submission144.py,submission145.py,0
submission142.py,submission146.py,0
submission143.py,submission146.py,0
submission144.py,submission146.py,0
submission145.py,submission146.py,0
submission147.py,submission148.py,1
submission148.py,submission149.py,1
submission131.py,submission151.py,1
submission119.py,submission152.py,1
submission130.py,submission153.py,1
submission142.py,submission154.py,1
submission145.py,submission155.py,1
submission147.py,submission156.py,1
submission122.py,submission157.py,1
submission115.py,submission158.py,1
submission105.py,submission159.py,1
submission87.py,submission160.py,1
submission131.py,submission161.py,1
submission162.py,submission163.py,1
submission162.py,submission164.py,1
submission162.py,submission164.py,1
submission162.py,submission165.py,1
submission163.py,submission164.py,1
submission163.py,submission165.py,1
submission164.py,submission165.py,1
submission166.py,submission167.py,1
submission166.py,submission168.py,1
submission166.py,submission169.py,1
submission167.py,submission168.py,1
submission167.py,submission169.py,1
submission168.py,submission169.py,1
submission170.py,submission171.py,1
submission170.py,submission172.py,1
submission170.py,submission173.py,1
submission170.py,submission174.py,1
submission171.py,submission172.py,1
submission171.py,submission173.py,1
submission171.py,submission174.py,1
submission172.py,submission173.py,1
submission172.py,submission174.py,1
submission173.py,submission174.py,1